{
    "dataContainers": [
        {
            "playerPos": {
                "x": -31.125999450683595,
                "y": 1.5,
                "z": -2.3420000076293947
            },
            "timeStamp": 3.017359972000122
        },
        {
            "playerPos": {
                "x": -31.125999450683595,
                "y": 1.5,
                "z": -2.3420000076293947
            },
            "timeStamp": 7.568358898162842
        },
        {
            "playerPos": {
                "x": -31.125999450683595,
                "y": 1.5,
                "z": -2.3420000076293947
            },
            "timeStamp": 8.063653945922852
        },
        {
            "playerPos": {
                "x": -31.125999450683595,
                "y": 1.5,
                "z": -2.3420000076293947
            },
            "timeStamp": 11.984898567199707
        }
    ]
}