{
    "dataContainers": [
        {
            "playerPos": {
                "x": 0.0,
                "y": 1.600000023841858,
                "z": 0.0
            },
            "timeStamp": 4.03619909286499
        },
        {
            "playerPos": {
                "x": 0.0,
                "y": 1.600000023841858,
                "z": 0.0
            },
            "timeStamp": 5.997553825378418
        },
        {
            "playerPos": {
                "x": 0.0,
                "y": 1.600000023841858,
                "z": 0.0
            },
            "timeStamp": 6.000483512878418
        },
        {
            "playerPos": {
                "x": 0.0,
                "y": 1.600000023841858,
                "z": 0.0
            },
            "timeStamp": 6.002377986907959
        }
    ]
}