{
    "dataContainers": [
        {
            "playerPos": {
                "x": -31.125999450683595,
                "y": 1.5,
                "z": -2.3420000076293947
            },
            "timeStamp": 3.085874080657959
        }
    ]
}